<?xml version='1.0' encoding='utf-8'?>

<!DOCTYPE hibernate-configuration PUBLIC
"-//Hibernate/Hibernate Configuration DTD//EN"
"http://hibernate.sourceforge.net/hibernate-configuration-3.0.dtd">

<hibernate-configuration>

	<session-factory>

		<property name="connection.driver_class">oracle.jdbc.driver.OracleDriver</property>
		<property name="connection.url">jdbc:oracle:thin:@localhost:1521:xe</property>
		<property name="connection.username">system</property>
		<property name="connection.password">manager</property>
		<property name="dialect">org.hibernate.dialect.Oracle10gDialect</property>
		<property name="hbm2ddl.auto">create</property>
		<property name="use_sql_comments">true</property>

		<property name="show_sql">true</property>


		<mapping class="com.ps.client.Employee1" />



	</session-factory>

</hibernate-configuration>  